{
  "version": "7",
  "dialect": "mysql",
  "entries": [
    {
      "idx": 0,
      "version": "5",
      "when": 1767964510364,
      "tag": "0000_wakeful_human_fly",
      "breakpoints": true
    },
    {
      "idx": 1,
      "version": "5",
      "when": 1767964861504,
      "tag": "0001_empty_spencer_smythe",
      "breakpoints": true
    },
    {
      "idx": 2,
      "version": "5",
      "when": 1767977386048,
      "tag": "0002_cool_silver_fox",
      "breakpoints": true
    },
    {
      "idx": 3,
      "version": "5",
      "when": 1767979853242,
      "tag": "0003_tan_stone_men",
      "breakpoints": true
    },
    {
      "idx": 4,
      "version": "5",
      "when": 1767980228588,
      "tag": "0004_breezy_cable",
      "breakpoints": true
    },
    {
      "idx": 5,
      "version": "5",
      "when": 1767986895228,
      "tag": "0005_youthful_scarlet_witch",
      "breakpoints": true
    },
    {
      "idx": 6,
      "version": "5",
      "when": 1768025113697,
      "tag": "0006_furry_the_anarchist",
      "breakpoints": true
    },
    {
      "idx": 7,
      "version": "5",
      "when": 1768039573857,
      "tag": "0007_lean_miss_america",
      "breakpoints": true
    },
    {
      "idx": 8,
      "version": "5",
      "when": 1768041877285,
      "tag": "0008_last_manta",
      "breakpoints": true
    },
    {
      "idx": 9,
      "version": "5",
      "when": 1768294793122,
      "tag": "0009_woozy_sauron",
      "breakpoints": true
    },
    {
      "idx": 10,
      "version": "5",
      "when": 1768681602737,
      "tag": "0010_same_morbius",
      "breakpoints": true
    },
    {
      "idx": 11,
      "version": "5",
      "when": 1769865672572,
      "tag": "0011_ambitious_marvel_zombies",
      "breakpoints": true
    },
    {
      "idx": 12,
      "version": "5",
      "when": 1769866079785,
      "tag": "0012_warm_thor",
      "breakpoints": true
    },
    {
      "idx": 13,
      "version": "5",
      "when": 1769866366314,
      "tag": "0013_great_revanche",
      "breakpoints": true
    },
    {
      "idx": 14,
      "version": "5",
      "when": 1769866721178,
      "tag": "0014_grey_steve_rogers",
      "breakpoints": true
    },
    {
      "idx": 15,
      "version": "5",
      "when": 1769867289150,
      "tag": "0015_sloppy_lyja",
      "breakpoints": true
    },
    {
      "idx": 16,
      "version": "5",
      "when": 1769870487187,
      "tag": "0016_smart_supreme_intelligence",
      "breakpoints": true
    },
    {
      "idx": 17,
      "version": "5",
      "when": 1769870625536,
      "tag": "0017_wide_princess_powerful",
      "breakpoints": true
    },
    {
      "idx": 18,
      "version": "5",
      "when": 1769871687197,
      "tag": "0018_flashy_norman_osborn",
      "breakpoints": true
    },
    {
      "idx": 19,
      "version": "5",
      "when": 1769872793272,
      "tag": "0019_worthless_blonde_phantom",
      "breakpoints": true
    },
    {
      "idx": 20,
      "version": "5",
      "when": 1769873307481,
      "tag": "0020_glossy_human_cannonball",
      "breakpoints": true
    },
    {
      "idx": 21,
      "version": "5",
      "when": 1769874375088,
      "tag": "0021_special_banshee",
      "breakpoints": true
    },
    {
      "idx": 22,
      "version": "5",
      "when": 1769874907606,
      "tag": "0022_flimsy_stranger",
      "breakpoints": true
    },
    {
      "idx": 23,
      "version": "5",
      "when": 1769876303004,
      "tag": "0023_salty_mongoose",
      "breakpoints": true
    },
    {
      "idx": 24,
      "version": "5",
      "when": 1769877657684,
      "tag": "0024_amazing_masked_marvel",
      "breakpoints": true
    },
    {
      "idx": 25,
      "version": "5",
      "when": 1769917315484,
      "tag": "0025_round_chameleon",
      "breakpoints": true
    }
  ]
}